public_day,day,category,product,mid_mean,mid_start,mid_end,net_drift_ticks,drift_z,avg_spread,avg_top_depth,avg_depth3,liquidity_score,trade_volume,trade_count,ret_vol,abs_ret_mean,ret_ac1,mean_reversion_ic_h20,mean_reversion_score,trend_ic_50_20,trend_score,jump_95,jump_99
day1_public_day_2,2,galaxy_sounds,GALAXY_SOUNDS_BLACK_HOLES,10680.49205,10000.0,11446.5,1446.5,1.365016924933246,13.6031,36.5445,99.1411,2.6864832280877153,562,229,10.597468089969428,8.416991699169918,-0.017666589788102677,-0.04161294251021827,0.017666589788102677,0.0073987784406386765,1.3724157033738846,21.0,27.0
day1_public_day_2,2,galaxy_sounds,GALAXY_SOUNDS_DARK_MATTER,10111.9138,10000.0,10417.0,417.0,0.4142510152699733,12.9228,36.5445,99.1411,2.8279088123316924,562,229,10.066863717693048,8.017501750175018,0.00211126826329353,0.087690746885556,0.087690746885556,-0.08252723955744191,0.4142510152699733,19.5,26.0
day1_public_day_2,2,galaxy_sounds,GALAXY_SOUNDS_PLANETARY_RINGS,10013.2524,10000.0,11249.0,1249.0,1.229790371735896,12.8162,36.5445,99.1411,2.8514302211263867,562,229,10.156710309262229,8.128112811281127,-0.005584291539175157,-0.048858853562389136,0.005584291539175157,0.010762765832390712,1.2405531375682868,20.0,26.5
day1_public_day_2,2,galaxy_sounds,GALAXY_SOUNDS_SOLAR_FLAMES,11095.64355,10000.0,11345.5,1345.5,1.210474414600801,14.0921,36.5445,99.1411,2.593261472740046,562,229,11.116032390406172,8.866736673667367,-0.024201947619320534,-0.06135842026606258,0.024201947619320534,0.00570807547574776,1.2161824900765488,22.0,29.0
day1_public_day_2,2,galaxy_sounds,GALAXY_SOUNDS_SOLAR_WINDS,10066.5822,10000.0,9583.5,-416.5,-0.407128016406342,12.8726,36.5445,99.1411,2.8389369668909157,562,229,10.230709009872916,8.146464646464647,-0.011704726494308926,-0.006816082533928176,0.011704726494308926,-0.014508226795299388,0.407128016406342,20.0,26.5
day1_public_day_2,2,microchips,MICROCHIP_CIRCLE,9190.40285,10000.0,8875.0,-1125.0,-1.221834092412095,8.2583,13.5227,32.1045,1.6374677597084146,342,174,9.207929793463705,7.354835483548355,-0.008573147597299918,0.005167847244001976,0.013740994841301894,0.007640293587746014,1.229474385999841,18.0,24.0
day1_public_day_2,2,microchips,MICROCHIP_OVAL,9766.38225,10000.0,9256.0,-744.0,-0.5108198078712772,8.7157,12.4336,32.1045,1.4265750312654175,342,174,14.565551126351865,11.58105810581058,-0.0013617411777364734,0.013092500256856468,0.014454241434592941,-0.01820489929110578,0.5108198078712772,28.5,38.0
day1_public_day_2,2,microchips,MICROCHIP_RECTANGLE,9596.87255,10000.0,9420.5,-579.5,-0.40426142617203,8.5759,12.79,32.1045,1.491388658916265,342,174,14.33550023955767,11.358185818581859,-0.0033394265905203843,0.0477990709191098,0.05113849750963018,-0.05097120470438852,0.40426142617203,28.0,37.0
day1_public_day_2,2,microchips,MICROCHIP_SQUARE,11268.46065,10000.0,12455.5,2455.5,1.4555693003339707,9.9049,11.9351,32.1045,1.204969257640158,342,174,16.870531575827176,13.38018801880188,-0.023766473466397906,0.018055451279988075,0.04182192474638598,-0.004407398242548146,1.4555693003339707,33.5,44.0
day1_public_day_2,2,microchips,MICROCHIP_TRIANGLE,10216.49205,10000.0,10704.0,704.0,0.4601892628410397,9.0691,11.9816,32.1045,1.3211454278814876,342,174,15.298818540305893,12.15101510151015,-0.000204399004243471,0.03554670890724057,0.03575110791148404,-0.017899679771757483,0.4601892628410397,30.0,39.0
day1_public_day_2,2,oxygen_shakes,OXYGEN_SHAKE_CHOCOLATE,9355.80775,10000.0,9490.0,-510.0,-0.47725943814837646,11.8201,36.5445,99.1411,3.0917251123086946,562,229,10.686546166408053,7.411241124112411,-0.12139174640399296,0.020839644314879505,0.14223139071887247,0.028531671655603448,0.5057911098039799,20.0,30.0
day1_public_day_2,2,oxygen_shakes,OXYGEN_SHAKE_EVENING_BREATH,9184.5614,10000.0,8430.0,-1570.0,-1.26848509282757,11.993,36.5445,99.1411,3.047152505628283,562,229,12.377587365951154,7.090809080908091,-0.17377975645787963,0.11896744078948229,0.2927471972473619,-0.08942487622237374,1.26848509282757,20.0,30.0
day1_public_day_2,2,oxygen_shakes,OXYGEN_SHAKE_GARLIC,11058.248,10000.0,11828.5,1828.5,1.6426062993745845,14.0454,36.5445,99.1411,2.601883890811226,562,229,11.132256296311995,8.823532353235324,0.0050567858812100635,0.04321850594281401,0.04321850594281401,-0.03365763506000366,1.6426062993745845,22.0,28.0
day1_public_day_2,2,oxygen_shakes,OXYGEN_SHAKE_MINT,9893.5183,10000.0,10106.5,106.5,0.10808653964456333,12.6696,36.5445,99.1411,2.8844241333585905,562,229,9.853708495955669,7.9075407540754075,0.010949907670754622,-0.029578931721051614,0.0,0.051170362778178505,0.15925690242274182,19.0,25.0
day1_public_day_2,2,oxygen_shakes,OXYGEN_SHAKE_MORNING_BREATH,10584.24365,10000.0,10999.5,999.5,0.9368996879685157,13.4889,36.5445,99.1411,2.7092275871271934,562,229,10.66869795757715,8.495299529952995,0.0016397487827117686,0.028285546999626647,0.028285546999626647,-0.01415233865240722,0.9368996879685157,21.0,27.0
day1_public_day_2,2,panels,PANEL_1X2,9231.60075,10000.0,8431.5,-1568.5,-1.6675706770251526,11.8891,36.5445,99.1411,3.0737818674247843,562,229,9.406368512551541,7.518401840184018,0.0013181473000655113,-0.019587403074290858,0.0,0.04990508511119327,1.717475762136346,18.0,24.5
day1_public_day_2,2,panels,PANEL_1X4,10022.35875,10000.0,11065.0,1065.0,1.049721195158264,8.8769,22.2877,59.1043,2.5107526276064847,562,229,10.14605839061397,8.085108510851086,-0.005597869910917681,-0.0666816210676875,0.005597869910917681,0.0745486740445403,1.1242698692028041,20.0,26.0
day1_public_day_2,2,panels,PANEL_2X2,9806.89205,10000.0,10111.5,111.5,0.11306054699566333,8.7079,22.5662,59.1043,2.5914629244708824,562,229,9.862465588675851,7.847634763476347,-0.013521780374430758,0.005358940266819183,0.01888072064124994,0.005807390778342929,0.11886793777400625,19.0,25.01000000000022
day1_public_day_2,2,panels,PANEL_2X4,10713.54065,10000.0,10738.0,738.0,0.6937774075841842,9.4145,21.738,59.1043,2.3089914493600294,562,229,10.637949502242561,8.493349334933493,-0.0241388713560143,-0.07341323884681683,0.0241388713560143,0.05411087702631678,0.7478882846105009,21.0,27.0
day1_public_day_2,2,panels,PANEL_4X4,10040.12135,10000.0,9678.5,-321.5,-0.3182090885700237,8.8933,22.0082,59.1043,2.4746944328876794,562,229,10.103924990029757,8.038353835383539,0.0007088983635637967,-0.01902312092733826,0.0,0.037559889507256174,0.3557689780772799,20.0,26.0
day1_public_day_2,2,pebbles,PEBBLES_L,9862.81015,10000.0,10103.0,103.0,0.06853099629761386,12.6451,24.8297,75.2486,1.9635827316509953,754,212,15.030446943884378,12.005700570057005,0.006187669854140594,-0.03528597589474668,0.0,0.04851411047222122,0.11704510676983508,29.5,39.0
day1_public_day_2,2,pebbles,PEBBLES_M,9747.4463,10000.0,9014.5,-985.5,-0.651712937024266,12.5074,24.8297,75.2486,1.9852007611493994,754,212,15.122444602618604,12.029052905290529,-0.0006480885665334043,-0.0032337991398047224,0.0006480885665334043,-0.010584400989842547,0.651712937024266,30.0,38.51000000000022
day1_public_day_2,2,pebbles,PEBBLES_S,9650.4792,10000.0,9160.0,-840.0,-0.5609221745600198,12.3986,24.8297,75.2486,2.002621263691062,754,212,14.97608832828156,11.943694369436944,0.01429943558875364,-0.05495204577361655,0.0,0.06832487620389346,0.6292470507639133,29.0,38.0
day1_public_day_2,2,pebbles,PEBBLES_XL,11549.76665,10000.0,13674.5,3674.5,1.2133140829814248,14.6479,24.8297,75.2486,1.6951030523146662,754,212,30.286335503094794,24.125062506250625,0.0008194626271941442,0.011302825990872617,0.011302825990872617,0.00044844233162147964,1.2137625253130464,59.0,78.5
day1_public_day_2,2,pebbles,PEBBLES_XS,9189.4057,10000.0,8048.5,-1951.5,-1.285897277585894,11.853,24.8297,75.2486,2.09480300345904,754,212,15.176932219520731,12.129762976297629,-0.008066855673250373,0.028313294931705528,0.036380150604955905,-0.005649893396285062,1.285897277585894,29.5,39.0
day1_public_day_2,2,robotics,ROBOT_DISHES,9472.68405,10000.0,9921.0,-79.0,-0.08184538575948928,6.9537,16.6713,32.1517,2.397471849518961,562,229,9.652828875220353,7.693069306930693,-0.000880287395318894,-0.01562150415258153,0.000880287395318894,-0.018905130041015527,0.08184538575948928,19.0,25.0
day1_public_day_2,2,robotics,ROBOT_IRONING,9354.291,10000.0,9510.0,-490.0,-0.39526837541173976,6.8526,20.7574,32.1517,3.0291276303884658,562,229,12.397260502492985,7.520752075207521,-0.16155033402998184,-0.02090108106335291,0.16155033402998184,-0.01293092976087494,0.39526837541173976,20.0,30.0
day1_public_day_2,2,robotics,ROBOT_LAUNDRY,10273.57455,10000.0,10252.0,252.0,0.24408778604565154,7.4533,15.4023,32.1517,2.066507453074477,562,229,10.324670686223728,8.264326432643264,0.0026675776313713584,0.13579145198041015,0.13579145198041015,-0.10195508400504733,0.24408778604565154,20.0,26.5
day1_public_day_2,2,robotics,ROBOT_MOPPING,10539.3132,10000.0,9820.5,-179.5,-0.17027034680295058,7.629,15.0635,32.1517,1.9745051776117446,562,229,10.542585896117433,8.412791279127912,-0.018829178610653755,-0.00533041277553384,0.018829178610653755,0.04188784274094515,0.21215818954389573,20.5,27.0
day1_public_day_2,2,robotics,ROBOT_VACUUMING,9747.13565,10000.0,10064.0,64.0,0.06562488794610653,7.1303,16.3398,32.1517,2.2916006339144217,562,229,9.752885260936626,7.763376337633764,-0.007147959735463035,-0.030868876657309533,0.007147959735463035,0.012068832917380586,0.07769372086348712,19.0,25.0
day1_public_day_2,2,sleep_pods,SLEEP_POD_COTTON,10737.58295,10000.0,11123.0,1123.0,1.0396555564487524,9.4377,21.7471,59.1043,2.304279644404887,562,229,10.80219450803233,8.643764376437645,0.009381187604958778,-0.07720961996302651,0.0,0.10296660891764325,1.1426221653663957,21.0,27.5
day1_public_day_2,2,sleep_pods,SLEEP_POD_LAMB_WOOL,10768.7459,10000.0,10404.5,404.5,0.3772146965775145,9.465,21.7395,59.1043,2.2968304278922345,562,229,10.723872377911869,8.467696769676968,-0.008112389522775794,-0.10759890974813219,0.008112389522775794,0.11365302834379935,0.49086772492131386,21.0,28.01000000000022
day1_public_day_2,2,sleep_pods,SLEEP_POD_NYLON,9511.1883,10000.0,8877.0,-1123.0,-1.176724274304467,8.4758,23.4887,59.1043,2.771266429127634,562,229,9.543919325327185,7.594759475947595,-0.0035124854930316104,-0.006274864095848411,0.0035124854930316104,-0.010135036783942548,1.176724274304467,18.5,24.51000000000022
day1_public_day_2,2,sleep_pods,SLEEP_POD_POLYESTER,10696.7835,10000.0,11765.5,1765.5,1.6314267371259772,9.4038,21.7854,59.1043,2.3166592228673513,562,229,10.822357151823727,8.648314831483148,0.006468924850714004,0.01517826576628722,0.01517826576628722,-0.011369978142405616,1.6314267371259772,21.0,27.0
day1_public_day_2,2,sleep_pods,SLEEP_POD_SUEDE,10254.90605,10000.0,11099.0,1099.0,1.0667212529123777,9.0625,21.9872,59.1043,2.4261737931034486,562,229,10.303112937151461,8.218321832183218,-0.00027146302601976506,0.013410972467174048,0.013682435493193814,-0.0015972784678562303,1.0667212529123777,20.0,27.0
day1_public_day_2,2,snackpacks,SNACKPACK_CHOCOLATE,9961.20945,10000.0,9915.5,-84.5,-0.12806756801395883,16.6809,59.2298,160.2033,3.5507556546709105,562,229,6.598409466766075,5.273477347734773,-0.023608882208046165,0.040784686863399415,0.06439356907144558,0.015743207991279706,0.14381077600523853,13.0,17.0
day1_public_day_2,2,snackpacks,SNACKPACK_PISTACHIO,9655.60875,10000.0,9511.0,-489.0,-0.9220564476893458,16.1945,59.2298,160.2033,3.6574022044521284,562,229,5.303628135342342,4.21002100210021,-0.03405772032020934,-0.040808696622321415,0.03405772032020934,0.019592013166350893,0.9416484608556966,10.5,14.0
day1_public_day_2,2,snackpacks,SNACKPACK_RASPBERRY,10064.87245,10000.0,10239.5,239.5,0.295197977947072,16.8385,59.2298,160.2033,3.5175223446268964,562,229,8.113604895394763,6.465096509650965,-0.006690184825513411,-0.027659015750678,0.006690184825513411,-0.006151802345134828,0.295197977947072,16.0,21.0
day1_public_day_2,2,snackpacks,SNACKPACK_STRAWBERRY,10295.3278,10000.0,10436.0,436.0,0.5346808260713749,17.1988,59.2298,160.2033,3.4438332906946996,562,229,8.154805266514858,6.474647464746474,-0.011075412331199495,-0.03192359878072038,0.011075412331199495,-0.00022260943349866876,0.5346808260713749,16.0,21.0
day1_public_day_2,2,snackpacks,SNACKPACK_VANILLA,10063.8341,10000.0,10052.5,52.5,0.08010088040668703,16.833,59.2298,160.2033,3.5186716568644925,562,229,6.554562812584061,5.240774077407741,-0.022984697711292034,0.03684884394992618,0.05983354166121821,0.009146902424006075,0.08924778283069311,13.0,16.51000000000022
day1_public_day_2,2,translators,TRANSLATOR_ASTRO_BLACK,9937.7182,10000.0,10155.0,155.0,0.1542386218989516,8.813,22.1386,59.1043,2.5120390332463405,562,229,10.049866153683007,8.02900290029003,-0.0014068875438116798,0.04588155286880042,0.0472884404126121,-0.03906443921612865,0.1542386218989516,19.550000000000182,26.0
day1_public_day_2,2,translators,TRANSLATOR_ECLIPSE_CHARCOAL,9636.6922,10000.0,10256.5,256.5,0.2653918744216946,8.576,23.1698,59.1043,2.701702425373134,562,229,9.665436310772987,7.684918491849185,-0.00449934670577759,-0.020014386666265236,0.00449934670577759,-0.0016319425555702104,0.2653918744216946,19.0,25.0
day1_public_day_2,2,translators,TRANSLATOR_GRAPHITE_MIST,9788.14865,10000.0,9337.5,-662.5,-0.675957293497047,8.6867,22.5318,59.1043,2.593827345251937,562,229,9.801405116246096,7.837833783378338,-0.0027905196530907533,0.06992139526751245,0.07271191492060321,-0.039045786313108795,0.675957293497047,19.0,25.0
day1_public_day_2,2,translators,TRANSLATOR_SPACE_GRAY,9707.22815,10000.0,9493.0,-507.0,-0.5248134255836505,8.6269,22.8674,59.1043,2.65070882935933,562,229,9.661059096145268,7.733673367336734,0.01977188524843848,0.04371717469276243,0.04371717469276243,0.003365798470703172,0.5281792240543537,19.0,24.5
day1_public_day_2,2,translators,TRANSLATOR_VOID_BLUE,10188.3893,10000.0,11082.0,1082.0,1.064084824592039,9.003,22.0015,59.1043,2.4437965122736864,562,229,10.168870742731327,8.096809680968097,-0.014475642923302518,0.07511297955630153,0.08958862247960404,-0.08265307362219775,1.064084824592039,20.0,26.0
day1_public_day_2,2,uv_visors,UV_VISOR_AMBER,9177.2059,10000.0,8500.5,-1499.5,-1.639513838743857,11.8268,36.5445,99.1411,3.0899736192376634,562,229,9.14646125690845,7.292779277927793,-0.007275599859833036,0.0454051863496699,0.052680786209502936,0.008120365828754503,1.6476342045726116,18.0,23.5
day1_public_day_2,2,uv_visors,UV_VISOR_MAGENTA,10398.9058,10000.0,11299.5,1299.5,1.2372628664511998,13.2634,36.5445,99.1411,2.755288990756518,562,229,10.503547912991444,8.356785678567856,-0.007793249293598919,0.07816399541006488,0.08595724470366381,-0.044590818607091375,1.2372628664511998,20.5,27.5
day1_public_day_2,2,uv_visors,UV_VISOR_ORANGE,9876.90115,10000.0,10154.5,154.5,0.15484193075130356,12.6553,36.5445,99.1411,2.8876834211753177,562,229,9.978416364982102,7.924642464246425,-0.0037310661815114104,0.037015482752787036,0.040746548934298445,-0.04215821446640079,0.15484193075130356,20.0,26.0
day1_public_day_2,2,uv_visors,UV_VISOR_RED,10777.55565,10000.0,10842.0,842.0,0.7796369499530948,13.7181,36.5445,99.1411,2.663962210510202,562,229,10.800438629908738,8.668466846684668,-0.0015697893003740232,0.009308166926219712,0.010877956226593734,-0.005063234538268443,0.7796369499530948,21.0,27.0
day1_public_day_2,2,uv_visors,UV_VISOR_YELLOW,10790.3959,10000.0,11567.5,1567.5,1.4546506566256237,13.7314,36.5445,99.1411,2.661381942118065,562,229,10.776321955643642,8.540604060406041,0.014943177042930817,0.08608374223236716,0.08608374223236716,-0.10645135971021233,1.4546506566256237,21.0,28.0
day2_public_day_3,3,galaxy_sounds,GALAXY_SOUNDS_BLACK_HOLES,11107.8778,11444.5,12133.0,688.5,0.6188922583317396,14.0854,36.5868,99.3298,2.597498118619279,649,255,11.125271294200305,8.837433743374337,-0.0050147998392764855,-0.04562320642132337,0.0050147998392764855,0.060146161436862855,0.6790384197686024,22.0,29.0
day2_public_day_3,3,galaxy_sounds,GALAXY_SOUNDS_DARK_MATTER,10421.9509,10409.5,10872.0,462.5,0.44124089881817913,13.2836,36.5868,99.3298,2.754283477370592,649,255,10.482326728400354,8.380388038803881,-0.0243421237496594,-0.052797540965542386,0.0243421237496594,0.09121543653448572,0.5324563353526648,20.5,27.5
day2_public_day_3,3,galaxy_sounds,GALAXY_SOUNDS_PLANETARY_RINGS,11615.2732,11249.5,11407.5,158.0,0.1358100180109905,14.688,36.5868,99.3298,2.4909313725490194,649,255,11.634480497584684,9.233523352335233,-0.0040922245308821605,0.08824204435167765,0.09233426888255981,-0.0944611393122742,0.1358100180109905,23.0,30.0
day2_public_day_3,3,galaxy_sounds,GALAXY_SOUNDS_SOLAR_FLAMES,11259.9986,11338.5,10645.0,-693.5,-0.6177905524612833,14.2676,36.5868,99.3298,2.5643275673554062,649,255,11.226048615308102,8.955445544554456,-0.0035908621004801717,-0.04063977232367507,0.0035908621004801717,0.03673306308328505,0.6545236155445684,22.0,29.5
day2_public_day_3,3,galaxy_sounds,GALAXY_SOUNDS_SOLAR_WINDS,10309.85285,9591.5,10767.0,1175.5,1.1331579617993692,13.1533,36.5868,99.3298,2.781568123588757,649,255,10.374182762143715,8.275777577757776,0.000268450978609628,0.007073431498854793,0.007073431498854793,-0.025297464756862446,1.1331579617993692,20.5,27.0
day2_public_day_3,3,microchips,MICROCHIP_CIRCLE,8897.68425,8887.5,8541.0,-346.5,-0.3914862526775199,8.0001,14.0484,32.0181,1.7560280496493796,383,194,8.851328084435215,7.04965496549655,-0.009080410180097021,0.01603005098676401,0.025110461166861033,0.0006536960456648478,0.39213994872318475,17.5,23.0
day2_public_day_3,3,microchips,MICROCHIP_OVAL,8543.7736,9252.5,7428.5,-1824.0,-1.4089325056412711,7.727,14.7633,32.0181,1.9106121392519735,383,194,12.9466188020862,10.264026402640264,-0.014232600624428896,-0.0010558585584199915,0.014232600624428896,0.03950751646792235,1.4484400221091935,26.0,33.51000000000022
day2_public_day_3,3,microchips,MICROCHIP_RECTANGLE,8293.35405,9411.5,7839.0,-1572.5,-1.2660934362111593,7.5291,15.2231,32.0181,2.021901688116774,383,194,12.420715453698092,9.890339033903391,-0.0026814555399377244,0.030630164768041965,0.03331162030797969,-0.022716568038419593,1.2660934362111593,24.5,32.0
day2_public_day_3,3,microchips,MICROCHIP_SQUARE,14584.241,12457.5,15896.0,3438.5,1.5552288706738693,12.4872,11.9041,32.0181,0.9533041834838875,383,194,22.110391613328897,17.537203720372037,-0.012401228433933311,-0.025440896115080085,0.012401228433933311,0.027058733756160417,1.5822876044300298,43.0,57.5
day2_public_day_3,3,microchips,MICROCHIP_TRIANGLE,10229.08485,10714.5,9009.0,-1705.5,-1.1199770818946342,9.0501,12.0339,32.0181,1.3296980143865813,383,194,15.228751632228638,12.110561056105611,-0.007629677019120258,-0.08504726785744755,0.007629677019120258,0.10877586984673848,1.2287529517413727,30.0,39.51000000000022
day2_public_day_3,3,oxygen_shakes,OXYGEN_SHAKE_CHOCOLATE,9243.5852,9475.0,9317.0,-158.0,-0.17034780499038338,11.8828,36.5868,99.3298,3.078971286228835,649,255,9.275605318276298,7.384638463846384,-0.007468759471519408,0.07073562099269001,0.07820438046420942,-0.03330306946962723,0.17034780499038338,18.0,23.5
day2_public_day_3,3,oxygen_shakes,OXYGEN_SHAKE_EVENING_BREATH,9204.2938,8430.0,9430.0,1000.0,0.9929287229137336,11.7984,36.5868,99.3298,3.100996745321399,649,255,10.071719960076104,7.388738873887389,-0.0937712507736947,0.011254735433317722,0.10502598620701242,-0.01415499853593378,0.9929287229137336,20.0,23.0
day2_public_day_3,3,oxygen_shakes,OXYGEN_SHAKE_GARLIC,11807.8419,11823.5,11934.5,111.0,0.09303517456263523,14.91,36.5868,99.3298,2.4538430583501003,649,255,11.931567919136976,9.51105110511051,-0.014039389837149153,0.008682360145394384,0.02272174998254354,0.009895129659630839,0.10293030422226607,23.5,30.5
day2_public_day_3,3,oxygen_shakes,OXYGEN_SHAKE_MINT,10265.4505,10104.5,9714.0,-390.5,-0.3797866443925343,13.101,36.5868,99.3298,2.7926723150904507,649,255,10.282602935896545,8.213471347134714,-0.01033005042577396,0.05835870851754041,0.06868875894331437,0.004279850255152398,0.38406649464768666,20.0,26.0
day2_public_day_3,3,oxygen_shakes,OXYGEN_SHAKE_MORNING_BREATH,9911.13845,11003.0,9536.0,-1467.0,-1.4594228127159738,12.6717,36.5868,99.3298,2.887284263358507,649,255,10.052421702052861,7.96989698969897,-0.01006425278086753,-0.01327482362542314,0.01006425278086753,0.007775800393328885,1.4671986131093027,20.0,26.5
day2_public_day_3,3,panels,PANEL_1X2,8280.92755,8428.5,8853.5,425.0,0.5068979725829079,10.7469,36.5868,99.3298,3.4044049912067664,649,255,8.384749487716023,6.706070607060706,-0.007240223004409522,0.00878169058772361,0.016021913592133133,-0.05130068406305332,0.5068979725829079,16.5,21.5
day2_public_day_3,3,panels,PANEL_1X4,9632.59515,11089.0,8717.0,-2372.0,-2.4460611482405263,8.5579,23.7243,59.1236,2.7722104721952814,649,255,9.69770772330049,7.683468346834683,0.0083914285565065,-0.06940207762907995,0.0,0.03013408596918331,2.4761952342097096,19.0,25.5
day2_public_day_3,3,panels,PANEL_2X2,10167.06175,10089.5,9206.0,-883.5,-0.8776834748468514,8.9785,22.1519,59.1236,2.4672161274154925,649,255,10.066774681699144,8.065056505650565,-0.01909474578758726,0.0011640410927688564,0.020258786880356115,0.020341214892237912,0.8980246897390893,19.5,26.0
day2_public_day_3,3,panels,PANEL_2X4,11206.92455,10721.0,11459.0,738.0,0.6574269071440583,9.7905,21.7134,59.1236,2.217802972269036,649,255,11.226143845767615,8.976797679767976,0.011552830961892984,0.001834947648424652,0.001834947648424652,0.031502628029751734,0.6889295351738101,22.0,29.0
day2_public_day_3,3,panels,PANEL_4X4,9548.0371,9678.0,10251.5,573.5,0.5933990983736783,8.4874,23.3868,59.1236,2.755472818530999,649,255,9.66514237589284,7.697819781978198,-0.018270488304884452,0.006729733707158073,0.025000222012042526,0.029243119499790183,0.6226422178734685,19.0,25.0
day2_public_day_3,3,pebbles,PEBBLES_L,10201.4536,10130.5,11025.0,894.5,0.5923202391734778,13.0568,24.8064,75.2089,1.89988358556461,829,230,15.102383291897981,12.058855885588558,0.0022646456938720185,-0.01562786584925211,0.0,0.004320057277135239,0.596640296450613,29.5,38.51000000000022
day2_public_day_3,3,pebbles,PEBBLES_M,10170.4927,9020.0,11059.0,2039.0,1.349594053027144,13.017,24.8064,75.2089,1.9056925558884537,829,230,15.10900224458736,12.092609260926093,-0.009739180408514072,0.07725073655332441,0.08698991696183848,-0.05391775590070112,1.349594053027144,29.050000000000182,38.51000000000022
day2_public_day_3,3,pebbles,PEBBLES_S,9197.5171,9157.0,8980.0,-177.0,-0.11665971262483593,11.8676,24.8064,75.2089,2.090262563618592,829,230,15.173091608158268,12.107110711071106,-0.003367873230021752,0.09761224101497423,0.10098011424499598,-0.07172990084541715,0.11665971262483593,30.0,39.51000000000022
day2_public_day_3,3,pebbles,PEBBLES_XL,13462.09645,13629.0,12076.5,-1552.5,-0.5120910076903306,16.9137,24.8064,75.2089,1.4666453821458345,829,230,30.318392776020545,24.29077907790779,0.00890350869416452,0.12637538337554008,0.12637538337554008,-0.06049064064450882,0.5120910076903306,59.05000000000018,77.01000000000022
day2_public_day_3,3,pebbles,PEBBLES_XS,6968.41015,8063.0,6859.5,-1203.5,-0.8003309391586313,9.2305,25.9747,75.2089,2.8140079085639997,829,230,15.038281298718442,12.016651665166517,-0.02056995629368021,0.0008728728815187203,0.02144282917519893,0.011111082827328343,0.8114420219859596,29.5,38.0
day2_public_day_3,3,robotics,ROBOT_DISHES,9944.1296,9924.0,10142.5,218.5,0.21829947757289722,7.2834,16.7351,32.0574,2.297704368838729,649,255,10.009686154492764,7.961646164616462,-0.004135100191490483,-0.008651014926926659,0.004135100191490483,0.008025910202325995,0.2263253877752232,19.5,25.51000000000022
day2_public_day_3,3,robotics,ROBOT_IRONING,8892.5689,9500.0,7500.0,-2000.0,-2.032724015931349,6.4312,17.269,32.0574,2.685190944147282,649,255,9.83950596256533,7.144214421442144,-0.07707671060737058,0.04015780779987721,0.11723451840724779,-0.04121534610665033,2.032724015931349,20.0,21.5
day2_public_day_3,3,robotics,ROBOT_LAUNDRY,10164.6527,10237.0,9485.5,-751.5,-0.7455031493004756,7.3754,15.5455,32.0574,2.1077500881308135,649,255,10.080944373253775,8.067156715671567,0.003963886478466726,0.04953023748662974,0.04953023748662974,-0.015200815302848003,0.7455031493004756,19.5,25.5
day2_public_day_3,3,robotics,ROBOT_MOPPING,11011.26865,9814.5,12167.0,2352.5,2.116156380080814,7.9137,14.2336,32.0574,1.798602423645071,649,255,11.117409166768507,8.834033403340333,-0.012138394578920715,0.023084486107244465,0.03522288068616518,-0.023268587485687296,2.116156380080814,21.5,29.5
day2_public_day_3,3,robotics,ROBOT_VACUUMING,9125.04675,10067.5,8601.0,-1466.5,-1.5789938746897811,6.7227,17.1698,32.0574,2.55400359974415,649,255,9.288024190644599,7.382788278827883,-0.01281290510620494,0.00028114922989766245,0.013094054336102603,0.011245910372783543,1.5902397850625647,18.0,24.5
day2_public_day_3,3,sleep_pods,SLEEP_POD_COTTON,11347.5816,11117.5,12193.0,1075.5,0.9388606127121503,9.9012,21.7134,59.1236,2.1930069082535453,649,255,11.455947394858072,9.138363836383638,-0.016959838864561146,0.0061121141268263065,0.02307195299138745,-0.012326852105115506,0.9388606127121503,22.5,29.0
day2_public_day_3,3,sleep_pods,SLEEP_POD_LAMB_WOOL,10476.4434,10397.0,10792.5,395.5,0.3781235588135806,9.2244,21.7394,59.1236,2.3567278088547767,649,255,10.46006701418582,8.358685868586859,0.0024571248877952594,0.018638309734998956,0.018638309734998956,0.03548380005844258,0.4136073588720232,20.5,26.5
day2_public_day_3,3,sleep_pods,SLEEP_POD_NYLON,9224.39885,8873.0,9701.5,828.5,0.8991785352523081,8.2383,24.6309,59.1236,2.9898037216416005,649,255,9.214426230433164,7.339583958395839,0.01750943833090974,-0.01255089192732359,0.0,0.04615232807084721,0.9453308633231553,18.0,24.0
day2_public_day_3,3,sleep_pods,SLEEP_POD_POLYESTER,12015.35515,11780.0,12898.5,1118.5,0.9334803423800756,10.4341,21.7134,59.1236,2.0810036323209475,649,255,11.982640430785779,9.57060706070607,-0.009414441401812593,-0.020774780120622536,0.009414441401812593,0.010160142790819384,0.9436404851708949,23.5,30.5
day2_public_day_3,3,sleep_pods,SLEEP_POD_SUEDE,11899.1903,11085.0,12133.0,1048.0,0.8813125410688669,10.3474,21.7134,59.1236,2.098440187873282,649,255,11.891949281230428,9.481348134813482,-0.012237230915869403,-0.002645264977549899,0.012237230915869403,0.013296334972579243,0.8946088760414461,23.0,30.5
day2_public_day_3,3,snackpacks,SNACKPACK_CHOCOLATE,9900.3468,9920.5,9845.5,-75.0,-0.11397828312694523,16.5526,58.8543,159.7746,3.555592474898203,649,255,6.58052992408534,5.237123712371237,-0.03696597559982954,-0.034630598986814955,0.03696597559982954,0.03311536880132693,0.14709365192827217,13.0,17.5
day2_public_day_3,3,snackpacks,SNACKPACK_PISTACHIO,9487.3927,9509.5,9386.0,-123.5,-0.23565967809859864,15.9062,58.8543,159.7746,3.7000855012510847,649,255,5.240870074153684,4.2075707570757075,-0.022261941401326292,0.06828925992478413,0.09055120132611041,-0.08055922662031637,0.23565967809859864,10.0,13.5
day2_public_day_3,3,snackpacks,SNACKPACK_RASPBERRY,10117.44635,10240.5,10130.5,-110.0,-0.135498420029741,16.8981,58.8543,159.7746,3.482894526603583,649,255,8.118581780391898,6.485848584858486,-0.020244335436784687,0.0870086031363143,0.10725293857309898,-0.06754530640996684,0.135498420029741,16.0,21.0
day2_public_day_3,3,snackpacks,SNACKPACK_STRAWBERRY,10794.63975,10437.5,10795.0,357.5,0.4381328250349433,17.9541,58.8543,159.7746,3.278042341303658,649,255,8.16003403333733,6.514201420142014,-0.017920906332642244,0.07234945225071236,0.09027035858335461,-0.07122450978813168,0.4381328250349433,16.0,21.0
day2_public_day_3,3,snackpacks,SNACKPACK_VANILLA,10026.5386,10047.5,10019.5,-28.0,-0.04318058270261934,16.7542,58.8543,159.7746,3.5128087285576153,649,255,6.484720296122864,5.172517251725172,-0.026830863079483413,-0.04228974381065769,0.026830863079483413,0.03884555970457805,0.08202614240719738,13.0,17.0
day2_public_day_3,3,translators,TRANSLATOR_ASTRO_BLACK,9026.2545,10163.5,9147.0,-1016.5,-1.1234541565576728,8.0766,25.2916,59.1236,3.1314662110293936,649,255,9.04844067627078,7.202070207020702,-0.015956844062657276,0.03688083943026704,0.05283768349292432,-0.029825049998975985,1.1234541565576728,18.0,23.0
day2_public_day_3,3,translators,TRANSLATOR_ECLIPSE_CHARCOAL,10011.40815,10248.5,9616.5,-632.0,-0.6280684891156074,8.8449,22.1809,59.1236,2.5077615348958155,649,255,10.06310001732726,7.970997099709971,-1.4458913470212052e-05,0.016693553974853517,0.01670801288832373,-0.004935028892881101,0.6280684891156074,20.0,26.5
day2_public_day_3,3,translators,TRANSLATOR_GRAPHITE_MIST,9977.2997,9338.0,11051.0,1713.0,1.7162368426678833,8.8242,22.2635,59.1236,2.5230049182928767,649,255,9.981638977993857,7.95059505950595,0.00991295035831497,0.026457857781574095,0.026457857781574095,0.0027174840018556593,1.718954326669739,20.0,25.0
day2_public_day_3,3,translators,TRANSLATOR_SPACE_GRAY,9612.04765,9489.5,10127.0,637.5,0.6653656267147773,8.5417,23.2124,59.1236,2.7175386632637526,649,255,9.58167737847563,7.6251125112511255,-0.009554560938338393,0.05375632828259317,0.06331088922093156,-0.037483060511531156,0.6653656267147773,19.0,25.0
day2_public_day_3,3,translators,TRANSLATOR_VOID_BLUE,11149.02545,11096.0,10670.5,-425.5,-0.3840437836829102,9.7577,21.7134,59.1236,2.2252580013732746,649,255,11.080019900728145,8.854435443544354,-0.008868802270343451,0.03699860209150059,0.04586740436184404,-0.027942506367993045,0.3840437836829102,22.0,28.5
day2_public_day_3,3,uv_visors,UV_VISOR_AMBER,7672.90135,8497.0,7388.0,-1109.0,-1.4369504945672777,10.0387,36.5868,99.3298,3.6445754928426983,649,255,7.7181187407091345,6.165316531653166,-0.0005385897209007594,0.0005322577422257574,0.0010708474631265167,0.01327386938627854,1.4502243639535564,15.0,19.5
day2_public_day_3,3,uv_visors,UV_VISOR_MAGENTA,11358.40575,11328.5,11582.5,254.0,0.21898956023678143,14.3765,36.5868,99.3298,2.544903140541856,649,255,11.599306408850238,9.24022402240224,0.0004153559676784238,0.08677053834265024,0.08677053834265024,-0.09278616181234131,0.21898956023678143,23.0,30.0
day2_public_day_3,3,uv_visors,UV_VISOR_ORANGE,10574.22955,10167.5,10281.5,114.0,0.10777285047265905,13.4513,36.5868,99.3298,2.7199452840989347,649,255,10.578332105677932,8.446644664466447,0.009135381117598596,0.02029434818603146,0.02029434818603146,-0.011435199882923627,0.10777285047265905,21.0,27.5
day2_public_day_3,3,uv_visors,UV_VISOR_RED,10624.18825,10849.0,11031.0,182.0,0.17356651089486208,13.5135,36.5868,99.3298,2.707425907425907,649,255,10.486418131249346,8.345334533453345,-0.015540787022723695,-0.05528223417533969,0.015540787022723695,0.027133536069586454,0.20070004696444854,20.5,27.0
day2_public_day_3,3,uv_visors,UV_VISOR_YELLOW,11408.83865,11578.5,12044.5,466.0,0.4042748586654854,14.4349,36.5868,99.3298,2.5346070980748046,649,255,11.527387661107404,9.211421142114212,-0.009808691140937381,-0.014981034215548835,0.009808691140937381,-5.56551617558784e-05,0.4042748586654854,22.5,29.5
day3_public_day_4,4,galaxy_sounds,GALAXY_SOUNDS_BLACK_HOLES,12612.2464,12137.0,13457.5,1320.5,1.0464376644796871,15.8498,36.4071,98.9347,2.2970069022952972,594,249,12.619633971306868,10.074557455745575,-0.02506541707810099,0.0447163293331225,0.06978174641122349,-0.07068882006145874,1.0464376644796871,25.0,33.0
day3_public_day_4,4,galaxy_sounds,GALAXY_SOUNDS_DARK_MATTER,10146.12075,10876.0,10264.5,-611.5,-0.6005654001260399,12.9461,36.4071,98.9347,2.8122059925382934,594,249,10.182580900680842,8.127462746274627,-0.012853417465406324,0.017405667661207352,0.030259085126613676,0.032170527203511795,0.6327359273295516,20.0,26.0
day3_public_day_4,4,galaxy_sounds,GALAXY_SOUNDS_PLANETARY_RINGS,10671.49395,11415.5,9648.5,-1767.0,-1.6372630749957264,13.5659,36.4071,98.9347,2.6837216845177982,594,249,10.792940875622048,8.611061106110611,-0.0029067562544198193,-0.03160115880700527,0.0029067562544198193,0.056745704312656985,1.6940087793083833,21.0,28.0
day3_public_day_4,4,galaxy_sounds,GALAXY_SOUNDS_SOLAR_FLAMES,10922.07295,10643.0,10823.0,180.0,0.16456938591475168,13.8549,36.4071,98.9347,2.6277418097568366,594,249,10.938182680483624,8.742874287428743,-0.008781515098256046,0.09241990662654892,0.10120142172480497,-0.08661002651556948,0.16456938591475168,21.5,28.5
day3_public_day_4,4,galaxy_sounds,GALAXY_SOUNDS_SOLAR_WINDS,10936.19685,10756.0,10247.5,-508.5,-0.46248435460353826,13.8779,36.4071,98.9347,2.623386823654876,594,249,10.99551632061076,8.761126112611262,-0.01181649213389165,-0.045979225075442366,0.01181649213389165,-0.0012958087325047924,0.46248435460353826,22.0,28.5
day3_public_day_4,4,microchips,MICROCHIP_CIRCLE,9556.56875,8535.0,10388.5,1853.5,1.925968020166736,8.5281,12.9956,32.0446,1.5238564275747235,394,201,9.624213188081566,7.6424142414241425,0.001171762452179656,0.013840842433886539,0.013840842433886539,0.030383664337948917,1.9563516845046849,19.0,25.0
day3_public_day_4,4,microchips,MICROCHIP_OVAL,6228.6403,7416.5,5519.0,-1897.5,-2.030841897133958,5.9066,19.4353,32.0446,3.29043781532523,394,201,9.3438828733749,7.414391439143914,-0.007654233873312007,0.02605839917194215,0.03371263304525416,-0.027317298756554736,2.030841897133958,18.5,25.0
day3_public_day_4,4,microchips,MICROCHIP_RECTANGLE,8307.09145,7830.5,8772.0,941.5,0.7505124300414315,7.5523,15.3197,32.0446,2.0284813897753002,394,201,12.54538953444038,10.012551255125512,-0.002103863142774478,0.02836310019346017,0.030466963336234647,-0.041588786319922154,0.7505124300414315,24.5,32.51000000000022
day3_public_day_4,4,microchips,MICROCHIP_SQUARE,14931.54325,15911.0,13633.0,-2278.0,-1.0061152412908398,12.7643,11.9051,32.0446,0.9326872605626629,394,201,22.642673672455306,18.007400740074008,-0.03510818896801912,0.02424563210345625,0.05935382107147537,-0.010465039289625956,1.0061152412908398,44.5,59.0
day3_public_day_4,4,microchips,MICROCHIP_TRIANGLE,8613.59635,9020.0,7941.5,-1078.5,-0.8394497433019488,7.7871,14.6122,32.0446,1.876462354406647,394,201,12.84834425944613,10.231873187318731,-0.015426583967372466,0.03415689407879615,0.04958347804616862,-0.016841858289698405,0.8394497433019488,25.0,33.0
day3_public_day_4,4,oxygen_shakes,OXYGEN_SHAKE_CHOCOLATE,10071.24445,9324.0,10714.0,1390.0,1.1146509313369657,12.8535,36.4071,98.9347,2.8324658653285097,594,249,12.470895292265341,8.28052805280528,-0.11052719393214148,0.04429841872025144,0.15482561265239292,-0.04620194105394964,1.1146509313369657,20.5,29.5
day3_public_day_4,4,oxygen_shakes,OXYGEN_SHAKE_EVENING_BREATH,9426.8298,9430.0,9420.0,-10.0,-0.009658387709686559,11.79,36.4071,98.9347,3.087964376590331,594,249,10.354212667890167,7.604560456045604,-0.07741809194217793,-0.02711948891781524,0.07741809194217793,0.022282769090116155,0.031941156799802715,20.0,30.0
day3_public_day_4,4,oxygen_shakes,OXYGEN_SHAKE_GARLIC,12910.8294,11927.5,13886.0,1958.5,1.5168626189910046,16.2084,36.4071,98.9347,2.2461871622121863,594,249,12.912164277921349,10.324782478247824,-0.0009162947277664954,-0.02466886295866259,0.0009162947277664954,0.03341638957285205,1.5502790085638567,25.0,33.51000000000022
day3_public_day_4,4,oxygen_shakes,OXYGEN_SHAKE_MINT,9356.21345,9714.5,10155.0,440.5,0.46379963673079744,12.0101,36.4071,98.9347,3.0313735938918076,594,249,9.498110644439858,7.57980798079808,-0.009922184070292078,-0.0798767067286154,0.009922184070292078,0.03563887024049527,0.4994385069712927,18.5,24.0
day3_public_day_4,4,oxygen_shakes,OXYGEN_SHAKE_MORNING_BREATH,9505.97795,9532.0,9550.5,18.5,0.01937678795192229,12.1881,36.4071,98.9347,2.987102173431462,594,249,9.54798345075835,7.641714171417142,-0.008819392245191918,0.0718096795634947,0.08062907180868661,-0.0586120161190641,0.01937678795192229,19.0,24.5
day3_public_day_4,4,panels,PANEL_1X2,9255.65875,8849.5,9696.0,846.5,0.9069812177610813,11.8933,36.4071,98.9347,3.061143669124633,594,249,9.333625786257873,7.397189718971897,-0.0025676903805558547,0.04634352637575891,0.04891121675631477,-0.03420930333185318,0.9069812177610813,18.5,24.5
day3_public_day_4,4,panels,PANEL_1X4,8537.78795,8730.0,9227.5,497.5,0.5834226982736714,7.6951,27.1157,59.0519,3.5237618744395784,594,249,8.527691472031174,6.777527752775278,-0.009823382294672228,-0.06678295271617558,0.009823382294672228,0.05804012365751025,0.6414628219311816,17.0,22.0
day3_public_day_4,4,panels,PANEL_2X2,8755.8415,9197.0,9393.0,196.0,0.2224588899109517,7.86,26.2722,59.0519,3.342519083969466,594,249,8.811057216617517,7.027702770277028,0.0018013471789504927,0.05009704087832027,0.05009704087832027,-0.07046285652065366,0.2224588899109517,17.0,22.5
day3_public_day_4,4,panels,PANEL_2X4,11875.65375,11459.0,12353.5,894.5,0.747717169693775,10.3165,21.7576,59.0519,2.1090098386080554,594,249,11.963677772987507,9.567406740674068,0.009075134861126719,0.024112591683924035,0.024112591683924035,-0.04408087562707062,0.747717169693775,23.5,31.0
day3_public_day_4,4,panels,PANEL_4X4,10047.99935,10255.5,9128.5,-1127.0,-1.1164858895050636,8.8707,22.5312,59.0519,2.5399573878047956,594,249,10.094676205233768,8.081408140814082,-0.0006646924446032648,0.03319459611220344,0.033859288556806706,-0.038677025034876175,1.1164858895050636,20.0,25.0
day3_public_day_4,4,pebbles,PEBBLES_L,10458.068,11014.5,9126.0,-1888.5,-1.2640141572855932,13.3596,24.8048,75.2001,1.8567022964759423,700,202,14.941244298545886,11.91114111411141,0.012154092003447858,0.08582256307070231,0.08582256307070231,-0.11333660336163215,1.2640141572855932,29.0,38.5
day3_public_day_4,4,pebbles,PEBBLES_M,10871.79055,11066.0,10702.0,-364.0,-0.2400102530902367,13.8383,24.8048,75.2001,1.7924745091521357,700,202,15.166777113819956,12.129612961296129,-0.004148044041883736,0.06074623414059523,0.06489427818247898,-0.017849264385741276,0.2400102530902367,30.0,39.0
day3_public_day_4,4,pebbles,PEBBLES_S,7949.0739,9003.5,8066.5,-937.0,-0.6284815788959022,10.3884,24.8048,75.2001,2.387740171730006,700,202,14.909694810152097,11.912091209120913,0.012401226114294256,-0.03930252761238266,0.0,0.02827076520615295,0.6567523441020551,29.050000000000182,38.01000000000022
day3_public_day_4,4,pebbles,PEBBLES_XL,14664.90485,12054.0,16068.0,4014.0,1.3233699127728604,18.3307,24.8048,75.2001,1.3531834572602246,700,202,30.333171974892412,24.170817081708172,0.013089332497702914,0.11805515845479903,0.11805515845479903,-0.08543000301312315,1.3233699127728604,60.0,79.0
day3_public_day_4,4,pebbles,PEBBLES_XS,6056.10345,6861.5,6038.0,-823.5,-0.5512243383799197,8.1511,29.5816,75.2001,3.6291543472660135,700,202,14.940217997427649,11.948344834483448,-0.018463598837303197,0.0946189286780234,0.1130825275153266,-0.08021519953658743,0.5512243383799197,29.0,39.0
day3_public_day_4,4,robotics,ROBOT_DISHES,10638.13105,10123.0,11200.0,1077.0,0.3919988808904407,7.8137,12.2949,32.0927,1.5735055095537327,594,249,27.475942063725203,8.527352735273528,-0.29043704946835264,0.0850926429217358,0.37552969239008843,-0.1268687899603483,0.3919988808904407,100.0,100.0
day3_public_day_4,4,robotics,ROBOT_IRONING,7857.8509,7500.0,7830.0,330.0,0.37690377994240254,5.895,12.0824,32.0927,2.049601357082273,594,249,8.755988100942776,6.222522252225223,-0.11407365467212005,0.004709149930686431,0.11878280460280648,-0.036800452829305844,0.37690377994240254,20.0,20.0
day3_public_day_4,4,robotics,ROBOT_LAUNDRY,9030.05785,9473.5,9254.5,-219.0,-0.24305402618389482,6.6665,17.3376,32.0927,2.6007050176254403,594,249,9.01079296072284,7.196419641964196,0.011705632834618462,-0.034333020365443626,0.0,0.028745203118205363,0.2717992293021002,17.5,23.0
day3_public_day_4,4,robotics,ROBOT_MOPPING,11750.05785,12170.0,11587.5,-582.5,-0.49609185265148203,8.3693,13.0909,32.0927,1.564157097965182,594,249,11.742364323685024,9.355885588558856,-0.004028358057797596,0.018022983848941493,0.02205134190673909,-0.046688575068791996,0.49609185265148203,23.0,30.5
day3_public_day_4,4,robotics,ROBOT_VACUUMING,8628.14495,8584.0,8275.0,-309.0,-0.35805367479385536,6.4069,17.9268,32.0927,2.798045856810626,594,249,8.630422557086115,6.884588458845885,-0.004038823141456962,0.06424835402956415,0.06828717717102112,-0.032546106294721905,0.35805367479385536,17.0,22.5
day3_public_day_4,4,sleep_pods,SLEEP_POD_COTTON,12497.67735,12198.0,11414.0,-784.0,-0.6177902077143086,10.8117,21.7576,59.0519,2.012412479073596,594,249,12.691026713437594,10.07870787078708,-0.001214379238223927,-0.0008345385341393563,0.001214379238223927,-0.022800241091343425,0.6177902077143086,25.0,34.0
day3_public_day_4,4,sleep_pods,SLEEP_POD_LAMB_WOOL,10859.13585,10792.0,10808.0,16.0,0.014616188221114578,9.5109,21.7576,59.0519,2.2876489080949227,594,249,10.947313908348695,8.704970497049706,0.01576666789650959,0.03142130871803271,0.03142130871803271,-0.016801803541713196,0.014616188221114578,21.5,28.0
day3_public_day_4,4,sleep_pods,SLEEP_POD_NYLON,10173.83055,9714.0,10734.5,1020.5,1.012182356222849,8.9799,21.9767,59.0519,2.447321239657457,594,249,10.082679494983239,7.9938493849384935,-0.011610667444582029,0.053250411761102366,0.0648610792056844,-0.06409707555519441,1.012182356222849,20.0,26.0
day3_public_day_4,4,sleep_pods,SLEEP_POD_POLYESTER,12809.5442,12886.5,11969.5,-917.0,-0.7173741358306347,11.0492,21.7576,59.0519,1.969156138000941,594,249,12.783369341538995,10.188518851885188,-0.0010078524562072684,0.08303081492033014,0.08403866737653741,-0.06053510361819458,0.7173741358306347,25.0,33.0
day3_public_day_4,4,sleep_pods,SLEEP_POD_SUEDE,12038.16495,12138.5,11800.5,-338.0,-0.2819090291320765,10.4385,21.7576,59.0519,2.084360779805528,594,249,11.990282904675684,9.553755375537554,-0.0048600153723200035,0.062294498358073186,0.06715451373039319,-0.05821644373977562,0.2819090291320765,23.5,31.0
day3_public_day_4,4,snackpacks,SNACKPACK_CHOCOLATE,9668.5587,9843.5,9662.0,-181.5,-0.27721833139911384,16.18,58.8898,159.9675,3.6396662546353524,594,249,6.547513462209012,5.194469446944694,-0.03243051783451914,-0.012518614174694749,0.03243051783451914,-0.004927559922542484,0.27721833139911384,13.0,17.0
day3_public_day_4,4,snackpacks,SNACKPACK_PISTACHIO,9344.5303,9395.0,9113.0,-282.0,-0.5457337766109037,15.6762,58.8898,159.9675,3.756637450402521,594,249,5.167613095325379,4.10991099109911,-0.01886194865079879,0.0971982207760607,0.1160601694268595,-0.07785638129029732,0.5457337766109037,10.0,13.0
day3_public_day_4,4,snackpacks,SNACKPACK_RASPBERRY,10051.1174,10120.5,10300.5,180.0,0.22382005346173448,16.7908,58.8898,159.9675,3.507265883698216,594,249,8.042576967118436,6.41994199419942,-0.023892529642855955,0.05468976465495298,0.07858229429780894,-0.031249520178400124,0.22382005346173448,16.0,20.5
day3_public_day_4,4,snackpacks,SNACKPACK_STRAWBERRY,11029.85795,10804.0,10901.5,97.5,0.12062086229020746,18.3265,58.8898,159.9675,3.213368619212616,594,249,8.08358301494014,6.470897089708971,-0.013475952270404459,0.054119016908745245,0.0675949691791497,-0.04145695309527438,0.12062086229020746,16.0,20.5
day3_public_day_4,4,snackpacks,SNACKPACK_VANILLA,10201.5347,10021.5,10325.0,303.5,0.4669902079410054,17.0188,58.8898,159.9675,3.4602792206266013,594,249,6.499390586291753,5.145764576457646,-0.030863925730666878,-0.017140749561704294,0.030863925730666878,0.0024067865986095107,0.46939699453961486,13.0,17.0
day3_public_day_4,4,translators,TRANSLATOR_ASTRO_BLACK,9191.6848,9160.0,8963.5,-196.5,-0.21320261274465746,8.2096,24.8627,59.0519,3.0284910348859873,594,249,9.217045851698206,7.328482848284828,-0.0026235074183866584,-0.014483288935219931,0.0026235074183866584,-0.018497037228706516,0.21320261274465746,18.0,24.0
day3_public_day_4,4,translators,TRANSLATOR_ECLIPSE_CHARCOAL,9793.1253,9613.5,9724.5,111.0,0.11282647998897796,8.6804,22.5885,59.0519,2.6022418321736325,594,249,9.838607960394478,7.850785078507851,-0.01821831892108467,0.05116143642539536,0.06937975534648003,-0.06377230806477546,0.11282647998897796,19.0,25.5
day3_public_day_4,4,translators,TRANSLATOR_GRAPHITE_MIST,10488.4707,11053.0,9792.5,-1260.5,-1.1906368031285322,9.2254,21.8127,59.0519,2.364417803022091,594,249,10.587301067924304,8.446094609460946,-0.016928684113084538,0.01890769849442887,0.03583638260751341,-0.03290811908597708,1.1906368031285322,21.0,27.0
day3_public_day_4,4,translators,TRANSLATOR_SPACE_GRAY,8976.42985,10118.5,8429.0,-1689.5,-1.874498909974691,8.0379,25.5751,59.0519,3.1818136577961904,594,249,9.013526080732506,7.195069506950695,0.012954146513885484,-0.03982752910839452,0.0,0.05141476111924982,1.9259136710939408,18.0,23.0
day3_public_day_4,4,translators,TRANSLATOR_VOID_BLUE,11238.32325,10693.0,11564.0,871.0,0.7763737063049873,9.8133,21.7576,59.0519,2.2171542702251026,594,249,11.219385022866105,8.937493749374937,-0.003984105256319894,0.007184176183475467,0.011168281439795362,-0.0296275825607295,0.7763737063049873,22.0,29.0
day3_public_day_4,4,uv_visors,UV_VISOR_AMBER,6884.9815,7385.0,7130.0,-255.0,-0.36430244401438977,9.096,36.4875,98.9347,4.011378627968337,594,249,7.000028551723271,5.5834583458345834,-0.0036347801318349455,-0.0591756008682912,0.0036347801318349455,0.07669457625426013,0.4409970202686499,14.0,18.0
day3_public_day_4,4,uv_visors,UV_VISOR_MAGENTA,11578.06715,11580.5,11531.5,-49.0,-0.04271686412193853,14.6349,36.4071,98.9347,2.487690383945227,594,249,11.471453064504946,9.125312531253126,-0.002877561212319867,-0.010885383809617252,0.002877561212319867,0.027768793771207972,0.07048565789314651,22.5,29.5
day3_public_day_4,4,uv_visors,UV_VISOR_ORANGE,10828.38795,10288.5,9340.5,-948.0,-0.8772884180829187,13.7457,36.4071,98.9347,2.6486173858006503,594,249,10.80656468287821,8.624662466246624,-0.0009250505258401673,-0.01354939794124573,0.0009250505258401673,-0.009020755516653016,0.8772884180829187,21.0,27.0
day3_public_day_4,4,uv_visors,UV_VISOR_RED,11788.13685,11024.5,11722.5,698.0,0.5933824848627902,14.8867,36.4071,98.9347,2.4456125266177193,594,249,11.763658692742288,9.38963896389639,0.005513467443814009,-0.047321233977493465,0.0,0.0374474759071698,0.63082996076996,23.0,30.0
day3_public_day_4,4,uv_visors,UV_VISOR_YELLOW,10673.1477,12056.5,10071.0,-1985.5,-1.857091447859444,13.5636,36.4071,98.9347,2.684176767229939,594,249,10.69198441861829,8.543504350435043,0.004449226386185363,0.03334175643358217,0.03334175643358217,-0.05696573835738264,1.857091447859444,20.550000000000182,27.5
